<annotation>
	<folder>pat08_DWI</folder>
	<filename>pat08_DWI-05.png</filename>
	<path>D:\&#33041;MR&#25968;&#25454;&#38598;\png&#22270;&#20687;(DWI)\pat08_DWI\pat08_DWI-05.png</path>
	<source>
		<database>Unknown</database>
	</source>
	<size>
		<width>256</width>
		<height>256</height>
		<depth>1</depth>
	</size>
	<segmented>0</segmented>
	<object>
		<name>lesion</name>
		<pose>Unspecified</pose>
		<truncated>0</truncated>
		<difficult>0</difficult>
		<bndbox>
			<xmin>80</xmin>
			<ymin>152</ymin>
			<xmax>87</xmax>
			<ymax>161</ymax>
		</bndbox>
	</object>
</annotation>