<annotation>
	<folder>pat05_DWI</folder>
	<filename>pat05_DWI-14.png</filename>
	<path>D:\&#33041;MR&#25968;&#25454;&#38598;\png&#22270;&#20687;(DWI)\pat05_DWI\pat05_DWI-14.png</path>
	<source>
		<database>Unknown</database>
	</source>
	<size>
		<width>256</width>
		<height>256</height>
		<depth>1</depth>
	</size>
	<segmented>0</segmented>
	<object>
		<name>lesion</name>
		<pose>Unspecified</pose>
		<truncated>0</truncated>
		<difficult>0</difficult>
		<bndbox>
			<xmin>89</xmin>
			<ymin>188</ymin>
			<xmax>96</xmax>
			<ymax>198</ymax>
		</bndbox>
	</object>
	<object>
		<name>lesion</name>
		<pose>Unspecified</pose>
		<truncated>0</truncated>
		<difficult>0</difficult>
		<bndbox>
			<xmin>100</xmin>
			<ymin>195</ymin>
			<xmax>116</xmax>
			<ymax>211</ymax>
		</bndbox>
	</object>
</annotation>