<annotation>
	<folder>pat06_DWI</folder>
	<filename>pat06_DWI-04.png</filename>
	<path>D:\&#33041;MR&#25968;&#25454;&#38598;\png&#22270;&#20687;(DWI)\pat06_DWI\pat06_DWI-04.png</path>
	<source>
		<database>Unknown</database>
	</source>
	<size>
		<width>256</width>
		<height>256</height>
		<depth>1</depth>
	</size>
	<segmented>0</segmented>
	<object>
		<name>lesion</name>
		<pose>Unspecified</pose>
		<truncated>0</truncated>
		<difficult>0</difficult>
		<bndbox>
			<xmin>140</xmin>
			<ymin>119</ymin>
			<xmax>159</xmax>
			<ymax>185</ymax>
		</bndbox>
	</object>
</annotation>