<annotation>
	<folder>pat05_DWI</folder>
	<filename>pat05_DWI-10.png</filename>
	<path>D:\&#33041;MR&#25968;&#25454;&#38598;\png&#22270;&#20687;(DWI)\pat05_DWI\pat05_DWI-10.png</path>
	<source>
		<database>Unknown</database>
	</source>
	<size>
		<width>256</width>
		<height>256</height>
		<depth>1</depth>
	</size>
	<segmented>0</segmented>
	<object>
		<name>lesion</name>
		<pose>Unspecified</pose>
		<truncated>0</truncated>
		<difficult>0</difficult>
		<bndbox>
			<xmin>105</xmin>
			<ymin>183</ymin>
			<xmax>121</xmax>
			<ymax>206</ymax>
		</bndbox>
	</object>
	<object>
		<name>lesion</name>
		<pose>Unspecified</pose>
		<truncated>0</truncated>
		<difficult>0</difficult>
		<bndbox>
			<xmin>121</xmin>
			<ymin>206</ymin>
			<xmax>136</xmax>
			<ymax>224</ymax>
		</bndbox>
	</object>
	<object>
		<name>lesion</name>
		<pose>Unspecified</pose>
		<truncated>0</truncated>
		<difficult>0</difficult>
		<bndbox>
			<xmin>112</xmin>
			<ymin>131</ymin>
			<xmax>118</xmax>
			<ymax>141</ymax>
		</bndbox>
	</object>
</annotation>