<annotation>
	<folder>pat121_DWI</folder>
	<filename>pat121_DWI-08.png</filename>
	<path>D:\&#33041;MR&#25968;&#25454;&#38598;\png&#22270;&#20687;(DWI)\pat121_DWI\pat121_DWI-08.png</path>
	<source>
		<database>Unknown</database>
	</source>
	<size>
		<width>192</width>
		<height>192</height>
		<depth>1</depth>
	</size>
	<segmented>0</segmented>
	<object>
		<name>lesion</name>
		<pose>Unspecified</pose>
		<truncated>0</truncated>
		<difficult>0</difficult>
		<bndbox>
			<xmin>109</xmin>
			<ymin>93</ymin>
			<xmax>119</xmax>
			<ymax>110</ymax>
		</bndbox>
	</object>
</annotation>