<annotation>
	<folder>pat111_DWI</folder>
	<filename>pat111_DWI-16.png</filename>
	<path>D:\&#33041;MR&#25968;&#25454;&#38598;\png&#22270;&#20687;(DWI)\pat111_DWI\pat111_DWI-16.png</path>
	<source>
		<database>Unknown</database>
	</source>
	<size>
		<width>256</width>
		<height>256</height>
		<depth>1</depth>
	</size>
	<segmented>0</segmented>
	<object>
		<name>lesion</name>
		<pose>Unspecified</pose>
		<truncated>0</truncated>
		<difficult>0</difficult>
		<bndbox>
			<xmin>123</xmin>
			<ymin>140</ymin>
			<xmax>131</xmax>
			<ymax>152</ymax>
		</bndbox>
	</object>
</annotation>