<annotation>
	<folder>pat124_DWI</folder>
	<filename>pat124_DWI-12.png</filename>
	<path>C:\Users\Administrator\Desktop\&#33041;MR&#25968;&#25454;&#38598;&#65288;124-177&#20363;&#65289;\png&#25991;&#20214;\pat124_DWI\pat124_DWI-12.png</path>
	<source>
		<database>Unknown</database>
	</source>
	<size>
		<width>192</width>
		<height>192</height>
		<depth>1</depth>
	</size>
	<segmented>0</segmented>
	<object>
		<name>lesion</name>
		<pose>Unspecified</pose>
		<truncated>0</truncated>
		<difficult>0</difficult>
		<bndbox>
			<xmin>112</xmin>
			<ymin>73</ymin>
			<xmax>125</xmax>
			<ymax>87</ymax>
		</bndbox>
	</object>
</annotation>