<annotation>
	<folder>pat119_DWI</folder>
	<filename>pat119_DWI-09.png</filename>
	<path>D:\&#33041;MR&#25968;&#25454;&#38598;\png&#22270;&#20687;(DWI)\pat119_DWI\pat119_DWI-09.png</path>
	<source>
		<database>Unknown</database>
	</source>
	<size>
		<width>192</width>
		<height>192</height>
		<depth>1</depth>
	</size>
	<segmented>0</segmented>
	<object>
		<name>lesion</name>
		<pose>Unspecified</pose>
		<truncated>0</truncated>
		<difficult>0</difficult>
		<bndbox>
			<xmin>71</xmin>
			<ymin>97</ymin>
			<xmax>82</xmax>
			<ymax>106</ymax>
		</bndbox>
	</object>
</annotation>