<annotation>
	<folder>pat112_DWI</folder>
	<filename>pat112_DWI-12.png</filename>
	<path>D:\&#33041;MR&#25968;&#25454;&#38598;\png&#22270;&#20687;(DWI)\pat112_DWI\pat112_DWI-12.png</path>
	<source>
		<database>Unknown</database>
	</source>
	<size>
		<width>192</width>
		<height>192</height>
		<depth>1</depth>
	</size>
	<segmented>0</segmented>
	<object>
		<name>lesion</name>
		<pose>Unspecified</pose>
		<truncated>0</truncated>
		<difficult>0</difficult>
		<bndbox>
			<xmin>82</xmin>
			<ymin>93</ymin>
			<xmax>90</xmax>
			<ymax>101</ymax>
		</bndbox>
	</object>
</annotation>