<annotation>
	<folder>pat164_DWI</folder>
	<filename>pat164_DWI-05.png</filename>
	<path>C:\Users\Administrator\Desktop\&#33041;MR&#25968;&#25454;&#38598;&#65288;124-177&#20363;&#65289;\png&#25991;&#20214;\pat164_DWI\pat164_DWI-05.png</path>
	<source>
		<database>Unknown</database>
	</source>
	<size>
		<width>256</width>
		<height>256</height>
		<depth>1</depth>
	</size>
	<segmented>0</segmented>
	<object>
		<name>lesion</name>
		<pose>Unspecified</pose>
		<truncated>0</truncated>
		<difficult>0</difficult>
		<bndbox>
			<xmin>147</xmin>
			<ymin>102</ymin>
			<xmax>162</xmax>
			<ymax>115</ymax>
		</bndbox>
	</object>
	<object>
		<name>lesion</name>
		<pose>Unspecified</pose>
		<truncated>0</truncated>
		<difficult>0</difficult>
		<bndbox>
			<xmin>179</xmin>
			<ymin>136</ymin>
			<xmax>189</xmax>
			<ymax>153</ymax>
		</bndbox>
	</object>
</annotation>