<annotation>
	<folder>pat103_DWI</folder>
	<filename>pat103_DWI-11.png</filename>
	<path>D:\&#33041;MR&#25968;&#25454;&#38598;\png&#22270;&#20687;(DWI)\pat103_DWI\pat103_DWI-11.png</path>
	<source>
		<database>Unknown</database>
	</source>
	<size>
		<width>192</width>
		<height>192</height>
		<depth>1</depth>
	</size>
	<segmented>0</segmented>
	<object>
		<name>lesion</name>
		<pose>Unspecified</pose>
		<truncated>0</truncated>
		<difficult>0</difficult>
		<bndbox>
			<xmin>73</xmin>
			<ymin>100</ymin>
			<xmax>81</xmax>
			<ymax>109</ymax>
		</bndbox>
	</object>
</annotation>