<annotation>
	<folder>pat10_DWI</folder>
	<filename>pat10_DWI-10.png</filename>
	<path>D:\&#33041;MR&#25968;&#25454;&#38598;\png&#22270;&#20687;(DWI)\pat10_DWI\pat10_DWI-10.png</path>
	<source>
		<database>Unknown</database>
	</source>
	<size>
		<width>256</width>
		<height>256</height>
		<depth>1</depth>
	</size>
	<segmented>0</segmented>
	<object>
		<name>lesion</name>
		<pose>Unspecified</pose>
		<truncated>0</truncated>
		<difficult>0</difficult>
		<bndbox>
			<xmin>125</xmin>
			<ymin>139</ymin>
			<xmax>166</xmax>
			<ymax>227</ymax>
		</bndbox>
	</object>
</annotation>