<annotation>
	<folder>pat100_DWI</folder>
	<filename>pat100_DWI-13.png</filename>
	<path>D:\&#33041;MR&#25968;&#25454;&#38598;\png&#22270;&#20687;(DWI)\pat100_DWI\pat100_DWI-13.png</path>
	<source>
		<database>Unknown</database>
	</source>
	<size>
		<width>192</width>
		<height>192</height>
		<depth>1</depth>
	</size>
	<segmented>0</segmented>
	<object>
		<name>lesion</name>
		<pose>Unspecified</pose>
		<truncated>0</truncated>
		<difficult>0</difficult>
		<bndbox>
			<xmin>91</xmin>
			<ymin>103</ymin>
			<xmax>100</xmax>
			<ymax>113</ymax>
		</bndbox>
	</object>
</annotation>