<annotation>
	<folder>pat155_DWI</folder>
	<filename>pat155_DWI-17.png</filename>
	<path>C:\Users\Administrator\Desktop\&#33041;MR&#25968;&#25454;&#38598;&#65288;124-177&#20363;&#65289;\png&#25991;&#20214;\pat155_DWI\pat155_DWI-17.png</path>
	<source>
		<database>Unknown</database>
	</source>
	<size>
		<width>256</width>
		<height>256</height>
		<depth>1</depth>
	</size>
	<segmented>0</segmented>
	<object>
		<name>lesion</name>
		<pose>Unspecified</pose>
		<truncated>0</truncated>
		<difficult>0</difficult>
		<bndbox>
			<xmin>85</xmin>
			<ymin>129</ymin>
			<xmax>95</xmax>
			<ymax>142</ymax>
		</bndbox>
	</object>
	<object>
		<name>lesion</name>
		<pose>Unspecified</pose>
		<truncated>0</truncated>
		<difficult>0</difficult>
		<bndbox>
			<xmin>95</xmin>
			<ymin>150</ymin>
			<xmax>102</xmax>
			<ymax>159</ymax>
		</bndbox>
	</object>
	<object>
		<name>lesion</name>
		<pose>Unspecified</pose>
		<truncated>0</truncated>
		<difficult>0</difficult>
		<bndbox>
			<xmin>152</xmin>
			<ymin>122</ymin>
			<xmax>163</xmax>
			<ymax>137</ymax>
		</bndbox>
	</object>
	<object>
		<name>lesion</name>
		<pose>Unspecified</pose>
		<truncated>0</truncated>
		<difficult>0</difficult>
		<bndbox>
			<xmin>139</xmin>
			<ymin>213</ymin>
			<xmax>150</xmax>
			<ymax>220</ymax>
		</bndbox>
	</object>
</annotation>