<annotation>
	<folder>pat122_DWI</folder>
	<filename>pat122_DWI-08.png</filename>
	<path>D:\&#33041;MR&#25968;&#25454;&#38598;\png&#22270;&#20687;(DWI)\pat122_DWI\pat122_DWI-08.png</path>
	<source>
		<database>Unknown</database>
	</source>
	<size>
		<width>192</width>
		<height>192</height>
		<depth>1</depth>
	</size>
	<segmented>0</segmented>
	<object>
		<name>lesion</name>
		<pose>Unspecified</pose>
		<truncated>0</truncated>
		<difficult>0</difficult>
		<bndbox>
			<xmin>60</xmin>
			<ymin>107</ymin>
			<xmax>75</xmax>
			<ymax>122</ymax>
		</bndbox>
	</object>
</annotation>