<annotation>
	<folder>pat189</folder>
	<filename>pat189_DWI-13.png</filename>
	<path>D:\2019.7.16&#65288;176-227&#65289;&#31532;&#19977;&#25209;&#25968;&#25454;-&#20840;&#37096;&#20026;&#26377;&#33041;&#26775;&#25968;&#25454;\176-227&#22270;&#20687;\pat189\pat189_DWI-13.png</path>
	<source>
		<database>Unknown</database>
	</source>
	<size>
		<width>256</width>
		<height>256</height>
		<depth>1</depth>
	</size>
	<segmented>0</segmented>
	<object>
		<name>lesion</name>
		<pose>Unspecified</pose>
		<truncated>0</truncated>
		<difficult>0</difficult>
		<bndbox>
			<xmin>128</xmin>
			<ymin>131</ymin>
			<xmax>139</xmax>
			<ymax>146</ymax>
		</bndbox>
	</object>
</annotation>