<annotation>
	<folder>pat186</folder>
	<filename>pat186_DWI-04.png</filename>
	<path>D:\2019.7.16&#65288;176-227&#65289;&#31532;&#19977;&#25209;&#25968;&#25454;-&#20840;&#37096;&#20026;&#26377;&#33041;&#26775;&#25968;&#25454;\176-227&#22270;&#20687;\pat186\pat186_DWI-04.png</path>
	<source>
		<database>Unknown</database>
	</source>
	<size>
		<width>256</width>
		<height>256</height>
		<depth>1</depth>
	</size>
	<segmented>0</segmented>
	<object>
		<name>lesion</name>
		<pose>Unspecified</pose>
		<truncated>0</truncated>
		<difficult>0</difficult>
		<bndbox>
			<xmin>83</xmin>
			<ymin>122</ymin>
			<xmax>114</xmax>
			<ymax>149</ymax>
		</bndbox>
	</object>
	<object>
		<name>lesion</name>
		<pose>Unspecified</pose>
		<truncated>0</truncated>
		<difficult>0</difficult>
		<bndbox>
			<xmin>139</xmin>
			<ymin>101</ymin>
			<xmax>170</xmax>
			<ymax>181</ymax>
		</bndbox>
	</object>
</annotation>