<annotation>
	<folder>pat105_DWI</folder>
	<filename>pat105_DWI-10.png</filename>
	<path>D:\&#33041;MR&#25968;&#25454;&#38598;\png&#22270;&#20687;(DWI)\pat105_DWI\pat105_DWI-10.png</path>
	<source>
		<database>Unknown</database>
	</source>
	<size>
		<width>192</width>
		<height>192</height>
		<depth>1</depth>
	</size>
	<segmented>0</segmented>
	<object>
		<name>lesion</name>
		<pose>Unspecified</pose>
		<truncated>0</truncated>
		<difficult>0</difficult>
		<bndbox>
			<xmin>110</xmin>
			<ymin>57</ymin>
			<xmax>153</xmax>
			<ymax>162</ymax>
		</bndbox>
	</object>
</annotation>