<annotation>
	<folder>pat117_DWI</folder>
	<filename>pat117_DWI-04.png</filename>
	<path>D:\&#33041;MR&#25968;&#25454;&#38598;\png&#22270;&#20687;(DWI)\pat117_DWI\pat117_DWI-04.png</path>
	<source>
		<database>Unknown</database>
	</source>
	<size>
		<width>192</width>
		<height>192</height>
		<depth>1</depth>
	</size>
	<segmented>0</segmented>
	<object>
		<name>lesion</name>
		<pose>Unspecified</pose>
		<truncated>0</truncated>
		<difficult>0</difficult>
		<bndbox>
			<xmin>60</xmin>
			<ymin>78</ymin>
			<xmax>83</xmax>
			<ymax>89</ymax>
		</bndbox>
	</object>
	<object>
		<name>lesion</name>
		<pose>Unspecified</pose>
		<truncated>0</truncated>
		<difficult>0</difficult>
		<bndbox>
			<xmin>62</xmin>
			<ymin>92</ymin>
			<xmax>85</xmax>
			<ymax>113</ymax>
		</bndbox>
	</object>
</annotation>