<annotation>
	<folder>pat10_DWI</folder>
	<filename>pat10_DWI-07.png</filename>
	<path>D:\&#33041;MR&#25968;&#25454;&#38598;\png&#22270;&#20687;(DWI)\pat10_DWI\pat10_DWI-07.png</path>
	<source>
		<database>Unknown</database>
	</source>
	<size>
		<width>256</width>
		<height>256</height>
		<depth>1</depth>
	</size>
	<segmented>0</segmented>
	<object>
		<name>lesion</name>
		<pose>Unspecified</pose>
		<truncated>0</truncated>
		<difficult>0</difficult>
		<bndbox>
			<xmin>153</xmin>
			<ymin>145</ymin>
			<xmax>170</xmax>
			<ymax>160</ymax>
		</bndbox>
	</object>
	<object>
		<name>lesion</name>
		<pose>Unspecified</pose>
		<truncated>0</truncated>
		<difficult>0</difficult>
		<bndbox>
			<xmin>133</xmin>
			<ymin>167</ymin>
			<xmax>152</xmax>
			<ymax>208</ymax>
		</bndbox>
	</object>
	<object>
		<name>lesion</name>
		<pose>Unspecified</pose>
		<truncated>0</truncated>
		<difficult>0</difficult>
		<bndbox>
			<xmin>145</xmin>
			<ymin>130</ymin>
			<xmax>153</xmax>
			<ymax>139</ymax>
		</bndbox>
	</object>
</annotation>