<annotation>
	<folder>pat116_DWI</folder>
	<filename>pat116_DWI-15.png</filename>
	<path>D:\&#33041;MR&#25968;&#25454;&#38598;\png&#22270;&#20687;(DWI)\pat116_DWI\pat116_DWI-15.png</path>
	<source>
		<database>Unknown</database>
	</source>
	<size>
		<width>224</width>
		<height>224</height>
		<depth>1</depth>
	</size>
	<segmented>0</segmented>
	<object>
		<name>lesion</name>
		<pose>Unspecified</pose>
		<truncated>0</truncated>
		<difficult>0</difficult>
		<bndbox>
			<xmin>113</xmin>
			<ymin>122</ymin>
			<xmax>121</xmax>
			<ymax>133</ymax>
		</bndbox>
	</object>
</annotation>