<annotation>
	<folder>pat203</folder>
	<filename>pat203_DWI-10.png</filename>
	<path>D:\2019.7.16&#65288;176-227&#65289;&#31532;&#19977;&#25209;&#25968;&#25454;-&#20840;&#37096;&#20026;&#26377;&#33041;&#26775;&#25968;&#25454;\176-227&#22270;&#20687;\pat203\pat203_DWI-10.png</path>
	<source>
		<database>Unknown</database>
	</source>
	<size>
		<width>192</width>
		<height>192</height>
		<depth>1</depth>
	</size>
	<segmented>0</segmented>
	<object>
		<name>lesion</name>
		<pose>Unspecified</pose>
		<truncated>0</truncated>
		<difficult>0</difficult>
		<bndbox>
			<xmin>89</xmin>
			<ymin>145</ymin>
			<xmax>96</xmax>
			<ymax>162</ymax>
		</bndbox>
	</object>
	<object>
		<name>lesion</name>
		<pose>Unspecified</pose>
		<truncated>0</truncated>
		<difficult>0</difficult>
		<bndbox>
			<xmin>58</xmin>
			<ymin>58</ymin>
			<xmax>70</xmax>
			<ymax>70</ymax>
		</bndbox>
	</object>
</annotation>