<annotation>
	<folder>pat239_DWI</folder>
	<filename>pat239_DWI-13.png</filename>
	<path>C:\Users\Administrator\Desktop\228-367\228-367png&#25991;&#20214;\pat239_DWI\pat239_DWI-13.png</path>
	<source>
		<database>Unknown</database>
	</source>
	<size>
		<width>256</width>
		<height>256</height>
		<depth>3</depth>
	</size>
	<segmented>0</segmented>
	<object>
		<name>lesion</name>
		<pose>Unspecified</pose>
		<truncated>0</truncated>
		<difficult>0</difficult>
		<bndbox>
			<xmin>103</xmin>
			<ymin>111</ymin>
			<xmax>116</xmax>
			<ymax>137</ymax>
		</bndbox>
	</object>
</annotation>