<annotation>
	<folder>pat229_DWI</folder>
	<filename>pat229_DWI-11.png</filename>
	<path>C:\Users\Administrator\Desktop\228-367\228-367png&#25991;&#20214;\pat229_DWI\pat229_DWI-11.png</path>
	<source>
		<database>Unknown</database>
	</source>
	<size>
		<width>192</width>
		<height>192</height>
		<depth>3</depth>
	</size>
	<segmented>0</segmented>
	<object>
		<name>lesion</name>
		<pose>Unspecified</pose>
		<truncated>0</truncated>
		<difficult>0</difficult>
		<bndbox>
			<xmin>103</xmin>
			<ymin>126</ymin>
			<xmax>124</xmax>
			<ymax>160</ymax>
		</bndbox>
	</object>
</annotation>