<annotation>
	<folder>pat223</folder>
	<filename>pat223_DWI-11.png</filename>
	<path>D:\2019.7.16&#65288;176-227&#65289;&#31532;&#19977;&#25209;&#25968;&#25454;-&#20840;&#37096;&#20026;&#26377;&#33041;&#26775;&#25968;&#25454;\176-227&#22270;&#20687;\pat223\pat223_DWI-11.png</path>
	<source>
		<database>Unknown</database>
	</source>
	<size>
		<width>192</width>
		<height>192</height>
		<depth>1</depth>
	</size>
	<segmented>0</segmented>
	<object>
		<name>lesion</name>
		<pose>Unspecified</pose>
		<truncated>0</truncated>
		<difficult>0</difficult>
		<bndbox>
			<xmin>65</xmin>
			<ymin>112</ymin>
			<xmax>96</xmax>
			<ymax>163</ymax>
		</bndbox>
	</object>
</annotation>