<annotation>
	<folder>pat242_DWI</folder>
	<filename>pat242_DWI-18.png</filename>
	<path>C:\Users\Administrator\Desktop\228-367\228-367png&#25991;&#20214;\pat242_DWI\pat242_DWI-18.png</path>
	<source>
		<database>Unknown</database>
	</source>
	<size>
		<width>256</width>
		<height>256</height>
		<depth>3</depth>
	</size>
	<segmented>0</segmented>
	<object>
		<name>lesion</name>
		<pose>Unspecified</pose>
		<truncated>0</truncated>
		<difficult>0</difficult>
		<bndbox>
			<xmin>140</xmin>
			<ymin>160</ymin>
			<xmax>155</xmax>
			<ymax>174</ymax>
		</bndbox>
	</object>
</annotation>