<annotation>
	<folder>pat241_DWI</folder>
	<filename>pat241_DWI-05.png</filename>
	<path>C:\Users\Administrator\Desktop\228-367\228-367png&#25991;&#20214;\pat241_DWI\pat241_DWI-05.png</path>
	<source>
		<database>Unknown</database>
	</source>
	<size>
		<width>192</width>
		<height>192</height>
		<depth>3</depth>
	</size>
	<segmented>0</segmented>
	<object>
		<name>lesion</name>
		<pose>Unspecified</pose>
		<truncated>0</truncated>
		<difficult>0</difficult>
		<bndbox>
			<xmin>109</xmin>
			<ymin>105</ymin>
			<xmax>121</xmax>
			<ymax>116</ymax>
		</bndbox>
	</object>
</annotation>