<annotation>
	<folder>pat231_DWI</folder>
	<filename>pat231_DWI-07.png</filename>
	<path>C:\Users\Administrator\Desktop\228-367\228-367png&#25991;&#20214;\pat231_DWI\pat231_DWI-07.png</path>
	<source>
		<database>Unknown</database>
	</source>
	<size>
		<width>256</width>
		<height>256</height>
		<depth>3</depth>
	</size>
	<segmented>0</segmented>
	<object>
		<name>lesion</name>
		<pose>Unspecified</pose>
		<truncated>0</truncated>
		<difficult>0</difficult>
		<bndbox>
			<xmin>93</xmin>
			<ymin>88</ymin>
			<xmax>104</xmax>
			<ymax>99</ymax>
		</bndbox>
	</object>
</annotation>