<annotation>
	<folder>pat235_DWI</folder>
	<filename>pat235_DWI-02.png</filename>
	<path>C:\Users\Administrator\Desktop\228-367\228-367png&#25991;&#20214;\pat235_DWI\pat235_DWI-02.png</path>
	<source>
		<database>Unknown</database>
	</source>
	<size>
		<width>192</width>
		<height>192</height>
		<depth>3</depth>
	</size>
	<segmented>0</segmented>
	<object>
		<name>lesion</name>
		<pose>Unspecified</pose>
		<truncated>0</truncated>
		<difficult>0</difficult>
		<bndbox>
			<xmin>110</xmin>
			<ymin>98</ymin>
			<xmax>128</xmax>
			<ymax>122</ymax>
		</bndbox>
	</object>
</annotation>