<annotation>
	<folder>pat237_DWI</folder>
	<filename>pat237_DWI-14.png</filename>
	<path>C:\Users\Administrator\Desktop\228-367\228-367png&#25991;&#20214;\pat237_DWI\pat237_DWI-14.png</path>
	<source>
		<database>Unknown</database>
	</source>
	<size>
		<width>192</width>
		<height>192</height>
		<depth>3</depth>
	</size>
	<segmented>0</segmented>
	<object>
		<name>lesion</name>
		<pose>Unspecified</pose>
		<truncated>0</truncated>
		<difficult>0</difficult>
		<bndbox>
			<xmin>105</xmin>
			<ymin>130</ymin>
			<xmax>115</xmax>
			<ymax>139</ymax>
		</bndbox>
	</object>
</annotation>