<annotation>
	<folder>pat230_DWI</folder>
	<filename>pat230_DWI-07.png</filename>
	<path>C:\Users\Administrator\Desktop\228-367\228-367png&#25991;&#20214;\pat230_DWI\pat230_DWI-07.png</path>
	<source>
		<database>Unknown</database>
	</source>
	<size>
		<width>192</width>
		<height>192</height>
		<depth>3</depth>
	</size>
	<segmented>0</segmented>
	<object>
		<name>lesion</name>
		<pose>Unspecified</pose>
		<truncated>0</truncated>
		<difficult>0</difficult>
		<bndbox>
			<xmin>103</xmin>
			<ymin>87</ymin>
			<xmax>122</xmax>
			<ymax>111</ymax>
		</bndbox>
	</object>
</annotation>