<annotation>
	<folder>pat225</folder>
	<filename>pat225_DWI-05.png</filename>
	<path>D:\2019.7.16&#65288;176-227&#65289;&#31532;&#19977;&#25209;&#25968;&#25454;-&#20840;&#37096;&#20026;&#26377;&#33041;&#26775;&#25968;&#25454;\176-227&#22270;&#20687;\pat225\pat225_DWI-05.png</path>
	<source>
		<database>Unknown</database>
	</source>
	<size>
		<width>192</width>
		<height>192</height>
		<depth>1</depth>
	</size>
	<segmented>0</segmented>
	<object>
		<name>lesion</name>
		<pose>Unspecified</pose>
		<truncated>0</truncated>
		<difficult>0</difficult>
		<bndbox>
			<xmin>66</xmin>
			<ymin>98</ymin>
			<xmax>79</xmax>
			<ymax>114</ymax>
		</bndbox>
	</object>
	<object>
		<name>lesion</name>
		<pose>Unspecified</pose>
		<truncated>0</truncated>
		<difficult>0</difficult>
		<bndbox>
			<xmin>100</xmin>
			<ymin>84</ymin>
			<xmax>112</xmax>
			<ymax>97</ymax>
		</bndbox>
	</object>
	<object>
		<name>lesion</name>
		<pose>Unspecified</pose>
		<truncated>0</truncated>
		<difficult>0</difficult>
		<bndbox>
			<xmin>111</xmin>
			<ymin>98</ymin>
			<xmax>126</xmax>
			<ymax>114</ymax>
		</bndbox>
	</object>
</annotation>