<annotation>
	<folder>pat236_DWI</folder>
	<filename>pat236_DWI-14.png</filename>
	<path>C:\Users\Administrator\Desktop\228-367\228-367png&#25991;&#20214;\pat236_DWI\pat236_DWI-14.png</path>
	<source>
		<database>Unknown</database>
	</source>
	<size>
		<width>256</width>
		<height>256</height>
		<depth>3</depth>
	</size>
	<segmented>0</segmented>
	<object>
		<name>lesion</name>
		<pose>Unspecified</pose>
		<truncated>0</truncated>
		<difficult>0</difficult>
		<bndbox>
			<xmin>126</xmin>
			<ymin>132</ymin>
			<xmax>144</xmax>
			<ymax>149</ymax>
		</bndbox>
	</object>
</annotation>