<annotation>
	<folder>pat240_DWI</folder>
	<filename>pat240_DWI-17.png</filename>
	<path>C:\Users\Administrator\Desktop\228-367\228-367png&#25991;&#20214;\pat240_DWI\pat240_DWI-17.png</path>
	<source>
		<database>Unknown</database>
	</source>
	<size>
		<width>192</width>
		<height>192</height>
		<depth>3</depth>
	</size>
	<segmented>0</segmented>
	<object>
		<name>lesion</name>
		<pose>Unspecified</pose>
		<truncated>0</truncated>
		<difficult>0</difficult>
		<bndbox>
			<xmin>71</xmin>
			<ymin>139</ymin>
			<xmax>78</xmax>
			<ymax>148</ymax>
		</bndbox>
	</object>
</annotation>