<annotation>
	<folder>pat238_DWI</folder>
	<filename>pat238_DWI-15.png</filename>
	<path>C:\Users\Administrator\Desktop\228-367\228-367png&#25991;&#20214;\pat238_DWI\pat238_DWI-15.png</path>
	<source>
		<database>Unknown</database>
	</source>
	<size>
		<width>192</width>
		<height>192</height>
		<depth>3</depth>
	</size>
	<segmented>0</segmented>
	<object>
		<name>lesion</name>
		<pose>Unspecified</pose>
		<truncated>0</truncated>
		<difficult>0</difficult>
		<bndbox>
			<xmin>84</xmin>
			<ymin>95</ymin>
			<xmax>95</xmax>
			<ymax>105</ymax>
		</bndbox>
	</object>
</annotation>